AgeCluster,ClusterLabel,Count,AgeMin,AgeMax,AgeMean,AgeMedian,AgeStd,MissingAge
0,C0_0-11,765,0.0,11.0,4.115032679738562,3.0,3.612419879758458,0
1,C1_12-23,2564,12.0,23.0,18.773790951638066,19.0,3.0582075053065108,0
2,C2_24-34,2680,24.0,34.0,28.289925373134327,28.0,3.017785278966923,179
3,C3_35-48,1790,35.0,48.0,40.48715083798883,40.0,3.9069103953038575,0
4,C4_49-79,894,49.0,79.0,56.71252796420582,55.0,6.391231367668814,0
