AgeCluster,ClusterLabel,Count,AgeMin,AgeMax,AgeMean,AgeMedian,AgeStd,MissingAge
0,C0_0-32,5683,0.0,32.0,20.44606721801865,22.0,8.16910565195603,179
1,C1_33-79,3010,33.0,79.0,44.54451827242525,42.0,9.398608584281865,0
