AgeCluster,AgeClusterLabel,Total,TransportedTrue,TransportedFalse,MissingTransported,TransportedRate
0,C0_0-11,765,535,230,0,0.6993464052287581
1,C1_12-23,2564,1258,1306,0,0.4906396255850234
2,C2_24-34,2680,1276,1404,0,0.4761194029850746
3,C3_35-48,1790,881,909,0,0.4921787709497207
4,C4_49-79,894,428,466,0,0.47874720357941836
