,RoomServiceCDF,FoodCourtCDF,ShoppingMallCDF,SpaCDF,VRDeckCDF
RoomServiceCDF,1.0,-0.2993230958267196,0.06270941105596442,-0.230334513962624,-0.28159086585082793
FoodCourtCDF,-0.2993230958267196,1.0,-0.26338988538083447,0.17454853316707242,0.2292086916228356
ShoppingMallCDF,0.06270941105596442,-0.26338988538083447,1.0,-0.21375260424246292,-0.2516514732808728
SpaCDF,-0.230334513962624,0.17454853316707242,-0.21375260424246292,1.0,0.09085398004601768
VRDeckCDF,-0.28159086585082793,0.2292086916228356,-0.2516514732808728,0.09085398004601768,1.0
